{
  "navigationBarTitleText": "产品详情",
	"usingComponents": {
	  "van-tabs": "/static/vant/tabs/index",
		"van-tab": "/static/vant/tab/index",
		"van-cell-group": "/static/vant/cell-group/index",
		"van-cell": "/static/vant/cell/index",
		"van-stepper": "/static/vant/stepper/index",
		"van-icon": "/static/vant/icon/index",
		"van-col": "/static/vant/col/index",
		"van-goods-action": "/static/vant/goods-action/index",
		"van-goods-action-button": "/static/vant/goods-action-button/index",
		"van-goods-action-icon": "/static/vant/goods-action-icon/index"
	}
}
