{
  "navigationBarTitleText": "我的订单",
  "disableSwipeBack": true,
  "usingComponents": {
    "van-button": "/static/vant/button/index",
    "van-cell": "/static/vant/cell/index",
    "van-tab": "/static/vant/tab/index",
    "van-tabs": "/static/vant/tabs/index",
    "van-panel": "/static/vant/panel/index",
    "van-card": "/static/vant/card/index",
    "van-popup": "/static/vant/popup/index",
    "van-radio": "/static/vant/radio/index",
    "van-radio-group": "/static/vant/radio-group/index",
    "van-dialog": "/static/vant/dialog/index"
    
  }
}