{
  "navigationBarTitleText": "确认订单",
  "usingComponents": {
    "van-button": "/static/vant/button/index",
    "van-cell": "/static/vant/cell/index",
    "van-cell-group": "/static/vant/cell-group/index",
    "van-icon": "/static/vant/icon/index",
    "van-popup": "/static/vant/popup/index",
    "van-card": "/static/vant/card/index",
    "van-field": "/static/vant/field/index",
    "van-submit-bar": "/static/vant/submit-bar/index",
    "van-action-sheet": "/static/vant/action-sheet/index"
  }
}
